android.permission.ACCESS_FINE_LOCATION,android.permission.ACCESS_LOCATION_EXTRA_COMMANDS,android.permission.ACCESS_MOCK_LOCATION,android.permission.ACCESS_NETWORK_STATE,android.permission.BROADCAST_STICKY,android.permission.CHANGE_NETWORK_STATE,android.permission.CHANGE_WIFI_STATE,android.permission.CLEAR_APP_CACHE,android.permission.DISABLE_KEYGUARD,android.permission.FLASHLIGHT,android.permission.GET_PACKAGE_SIZE,android.permission.GET_TASKS,android.permission.INTERNET,android.permission.MODIFY_AUDIO_SETTINGS,android.permission.READ_CONTACTS,android.permission.READ_EXTERNAL_STORAGE,android.permission.READ_LOGS,android.permission.RECEIVE_MMS,android.permission.SYSTEM_OVERLAY_WINDOW,android.permission.WRITE,android.permission.WRITE_SETTINGS,android.permission.WRITE_SMS,android.permission.WRITE_SYNC_SETTINGS,com.android.launcher.permission.UNINSTALL_SHORTCUT,com.google.android.c2dm.permission.RECEIVE,com.ipmsoft.ipmsoft_01_19_n.permission.C2D_MESSAGE,jdgiona.olfegij.limpgbo.bakoeen.ohhfejm.nkpndgd.READ_PHONE_STATE,name,type
1,0,0,1,0,0,0,0,0,0,0,0,1,0,0,0,0,0,0,0,0,0,0,0,0,0,0,01c5a264adcc6868b0af5f62c3b0cd82.apk,0
0,0,0,0,0,0,0,0,0,0,0,0,1,0,0,0,0,0,0,0,0,0,0,0,0,0,0,1af9831b5d881b9371a0ebc621a3befb.apk,0
0,0,0,1,0,0,0,0,0,0,0,0,1,0,0,0,0,0,0,0,0,0,0,0,0,0,0,1bab560197a43ad2568ec96ac4d51ace.apk,0
0,0,0,1,0,0,0,0,0,1,0,0,1,0,0,0,0,0,0,0,0,0,0,0,0,0,0,0fe8efcc6a5bb74845f9b074750fc022.apk,0
1,0,0,1,0,0,0,0,0,0,0,0,1,0,0,0,0,0,0,0,0,0,0,0,0,0,0,1af508be91450d535beb6241a611f752.apk,0
0,0,0,1,0,0,0,0,0,0,0,1,1,0,0,0,1,0,0,0,0,0,0,0,0,0,0,1c34ae2a9b1e512139f0cb26a35a1f56.apk,0
1,0,0,1,0,0,0,0,0,0,0,1,1,0,0,0,0,0,0,0,0,0,1,0,0,0,0,1c01ab8eecef82d7ea55b30e2715359c.apk,0
1,1,1,1,1,1,1,1,1,0,1,1,1,1,0,1,1,1,1,0,1,1,0,1,0,0,1,1c4409facced3e5850f44e2b53f43f51.apk,0
1,0,0,1,0,0,1,0,0,0,0,0,1,0,0,0,0,0,0,1,0,0,0,0,0,0,0,1c309baebf2a1df6529abe09c6be6313.apk,0
1,0,0,1,0,0,0,0,0,0,0,0,1,0,0,0,0,0,0,0,0,0,0,0,1,1,0,1c9c77ac531c4f11eeb2d32eddb53b42.apk,0
0,0,0,0,0,0,0,0,0,0,0,0,1,0,0,0,0,0,0,0,0,0,0,0,0,0,0,1e8617f4fdd162bfc96006f3b7efddc8.apk,0
0,0,0,1,0,0,0,0,0,0,0,0,1,0,0,0,0,0,0,0,1,0,0,0,1,0,0,1d4dd422eaae965998c3520b4e7a4f50.apk,0
0,0,0,1,0,0,0,0,0,0,0,1,1,0,0,0,0,0,0,0,0,0,0,0,0,0,0,1ea7094f3c392bef2484c88c36d0cbef.apk,0
0,0,0,1,0,0,0,0,0,0,0,1,1,0,1,0,1,0,0,0,0,1,0,0,0,0,0,1e6f22106a7bffbb52f9107da2188bb8.apk,0
